{
  "stochastic": [false],
  "f": [0.3],
  "q": [0.9],
  "eip": [5, 5, 5, 5, 5, 5, 5, 5, 5, 5],
  "p": [0.95],
  "psi": [
    [0.405444, 0.13876455, 0.02149843, 0.38435377, 0.04993925],
    [0.45546367, 0.00116955, 0.28771015, 0.17810431, 0.07755233],
    [0.09232405, 0.03840111, 0.77505227, 0.01540617, 0.0788164],
    [0.15512689, 0.68220425, 0.08392897, 0.05213254, 0.02660736],
    [0.33863758, 0.23585803, 0.34510604, 0.01300542, 0.06739293]
  ],
  "nu": [20],
  "M": [100, 100, 100, 100, 100],
  "Y": [20, 20, 20, 20, 20],
  "Z": [5, 5, 5, 5, 5]
}
